City_ID,City,Country,Date,Lat,Lng,Max Temp,Humidity,Cloudiness,Wind Speed,Current Description,Rain (Inches),Snow (Inches)
0,Norman Wells,CA,2020-07-10 10:48:59,65.28,-126.83,55.4,87,75,4.7,broken clouds,0.0,0.0
1,Mahon,ES,2020-07-10 10:55:02,39.89,4.27,82.4,58,100,16.11,overcast clouds,0.0,0.0
2,Bambous Virieux,MU,2020-07-10 10:49:21,-20.34,57.76,75.99,69,40,18.34,scattered clouds,0.0,0.0
3,Albany,US,2020-07-10 10:45:24,42.6,-73.97,73.0,81,13,3.42,few clouds,0.0,0.0
4,Arraial Do Cabo,BR,2020-07-10 10:48:55,-22.97,-42.03,68.0,68,25,5.82,scattered clouds,0.0,0.0
5,Lavrentiya,RU,2020-07-10 10:55:02,65.58,-171.0,48.65,81,72,2.51,broken clouds,0.0,0.0
6,Butaritari,KI,2020-07-10 10:49:11,3.07,172.79,82.9,78,45,11.77,light rain,0.0,0.0
7,Isla Vista,US,2020-07-10 10:51:09,34.41,-119.86,64.99,88,90,4.7,overcast clouds,0.0,0.0
8,Carnarvon,AU,2020-07-10 10:55:03,-24.87,113.63,68.0,56,0,9.17,clear sky,0.0,0.0
9,Cherskiy,RU,2020-07-10 10:55:03,68.75,161.3,53.91,82,86,9.31,overcast clouds,0.0,0.0
10,Bilibino,RU,2020-07-10 10:55:03,68.05,166.44,57.27,76,42,1.03,scattered clouds,0.0,0.0
11,Manggar,ID,2020-07-10 10:55:03,-2.88,108.27,79.38,82,21,5.7,light rain,0.0,0.0
12,Barrow,US,2020-07-10 10:55:03,71.29,-156.79,32.0,93,75,6.93,mist,0.0,0.0
13,Mataura,NZ,2020-07-10 10:55:03,-46.19,168.86,42.96,92,97,4.41,overcast clouds,0.0,0.0
14,San Andres,CO,2020-07-10 10:52:00,12.58,-81.7,82.4,83,90,16.11,overcast clouds,0.0,0.0
15,Port Hedland,AU,2020-07-10 10:55:04,-20.32,118.57,71.6,40,13,3.58,few clouds,0.0,0.0
16,Seymchan,RU,2020-07-10 10:55:04,62.88,152.43,57.69,81,94,4.43,light rain,0.0,0.0
17,Ponta Delgada,PT,2020-07-10 10:55:04,37.73,-25.67,71.6,60,40,5.82,scattered clouds,0.0,0.0
18,Khatanga,RU,2020-07-10 10:55:04,71.97,102.5,65.39,45,43,20.47,scattered clouds,0.0,0.0
19,Punta Arenas,CL,2020-07-10 10:55:04,-53.15,-70.92,33.8,80,95,8.05,overcast clouds,0.0,0.0
20,Nouadhibou,MR,2020-07-10 10:55:04,20.93,-17.03,80.6,47,0,14.99,clear sky,0.0,0.0
21,Hilo,US,2020-07-10 10:54:05,19.73,-155.09,75.2,83,90,4.7,overcast clouds,0.0,0.0
22,Avarua,CK,2020-07-10 10:48:57,-21.21,-159.78,73.4,83,100,5.82,overcast clouds,0.0,0.0
23,Rikitea,PF,2020-07-10 10:48:48,-23.12,-134.97,66.74,65,89,18.23,overcast clouds,0.0,0.0
24,Henties Bay,NA,2020-07-10 10:49:26,-22.12,14.28,61.12,70,0,8.79,clear sky,0.0,0.0
25,Busselton,AU,2020-07-10 10:44:59,-33.65,115.33,50.0,54,0,8.95,clear sky,0.0,0.0
26,Marawi,PH,2020-07-10 10:55:05,8.0,124.29,79.0,81,100,5.99,moderate rain,0.1,0.0
27,Cabo San Lucas,MX,2020-07-10 10:45:36,22.89,-109.91,82.0,73,89,12.03,overcast clouds,0.0,0.0
28,Egvekinot,RU,2020-07-10 10:55:05,66.32,-179.17,46.49,94,100,1.54,overcast clouds,0.0,0.0
29,Hobart,AU,2020-07-10 10:52:10,-42.88,147.33,45.0,93,75,4.7,mist,0.0,0.0
30,Inta,RU,2020-07-10 10:55:06,66.03,60.17,91.85,40,11,11.74,few clouds,0.0,0.0
31,Tiksi,RU,2020-07-10 10:49:24,71.69,128.87,38.77,88,86,8.57,overcast clouds,0.0,0.0
32,Ushuaia,AR,2020-07-10 10:46:19,-54.8,-68.3,33.8,64,75,4.7,broken clouds,0.0,0.0
33,Koppang,NO,2020-07-10 10:55:06,61.57,11.06,53.01,69,82,5.17,light rain,0.0,0.0
34,Yellowknife,CA,2020-07-10 10:45:01,62.46,-114.35,59.0,72,75,5.82,broken clouds,0.0,0.0
35,Cockburn Town,TC,2020-07-10 10:55:07,21.46,-71.14,82.69,78,44,21.88,scattered clouds,0.0,0.0
36,Leningradskiy,RU,2020-07-10 10:49:15,69.38,178.42,41.83,86,16,8.3,few clouds,0.0,0.0
37,Bagdarin,RU,2020-07-10 10:55:07,54.43,113.6,71.67,79,77,2.93,light rain,0.0,0.0
38,Chokwe,MZ,2020-07-10 10:55:07,-24.53,32.98,83.73,37,0,10.69,clear sky,0.0,0.0
39,Gummidipundi,IN,2020-07-10 10:55:08,13.4,80.15,91.4,63,75,5.82,broken clouds,0.0,0.0
40,Grand Gaube,MU,2020-07-10 10:55:08,-20.01,57.66,75.99,58,25,14.0,scattered clouds,0.0,0.0
41,Puerto Escondido,MX,2020-07-10 10:55:08,15.85,-97.07,79.25,74,28,4.72,scattered clouds,0.0,0.0
42,Berdigestyakh,RU,2020-07-10 10:55:08,62.1,126.7,66.65,68,98,5.12,overcast clouds,0.0,0.0
43,Svencionys,LT,2020-07-10 10:55:08,55.15,26.17,61.05,97,100,11.23,light rain,0.0,0.0
44,Meybod,IR,2020-07-10 10:55:09,32.25,54.02,102.2,12,20,11.41,few clouds,0.0,0.0
45,Nanning,CN,2020-07-10 10:51:45,22.82,108.32,89.6,75,20,8.95,light intensity shower rain,0.0,0.0
46,Saskylakh,RU,2020-07-10 10:49:28,71.92,114.08,65.35,47,78,17.13,broken clouds,0.0,0.0
47,Waitati,NZ,2020-07-10 10:55:09,-45.75,170.57,46.0,74,43,3.0,scattered clouds,0.0,0.0
48,Ranau,MY,2020-07-10 10:55:09,5.95,116.66,77.0,100,40,11.41,heavy intensity rain,0.0,0.0
49,Hermanus,ZA,2020-07-10 10:55:09,-34.42,19.23,55.0,81,96,1.99,overcast clouds,0.0,0.0
50,Bayir,TR,2020-07-10 10:52:47,37.27,28.22,95.0,32,20,13.87,few clouds,0.0,0.0
51,Ambanja,MG,2020-07-10 10:55:10,-13.68,48.45,83.34,42,1,6.22,clear sky,0.0,0.0
52,Kaitangata,NZ,2020-07-10 10:48:50,-46.28,169.85,45.0,72,77,5.01,broken clouds,0.0,0.0
53,Kjollefjord,NO,2020-07-10 10:55:10,70.95,27.35,46.4,87,75,14.99,light intensity shower rain,0.0,0.0
54,Poum,NC,2020-07-10 10:55:10,-20.23,164.02,70.57,72,15,21.63,few clouds,0.0,0.0
55,Saint-Philippe,RE,2020-07-10 10:49:09,-21.36,55.77,75.99,57,39,29.97,scattered clouds,0.0,0.0
56,Elko,US,2020-07-10 10:49:43,41.0,-115.5,62.01,32,1,8.28,clear sky,0.0,0.0
57,Ancud,CL,2020-07-10 10:55:10,-41.87,-73.82,37.0,76,75,4.7,broken clouds,0.0,0.0
58,Palomares,MX,2020-07-10 10:55:10,17.15,-95.07,74.03,94,73,3.47,broken clouds,0.0,0.0
59,Vaini,TO,2020-07-10 10:55:11,-21.2,-175.2,71.6,83,75,16.11,broken clouds,0.0,0.0
60,Nieuw Amsterdam,SR,2020-07-10 10:55:11,5.88,-55.08,75.0,97,66,5.3,broken clouds,0.0,0.0
61,Rawson,AR,2020-07-10 10:50:07,-43.3,-65.1,36.72,81,74,14.92,broken clouds,0.0,0.0
62,Panaba,MX,2020-07-10 10:55:11,21.28,-88.27,76.19,95,52,4.94,broken clouds,0.0,0.0
63,Lander,US,2020-07-10 10:55:11,42.83,-108.73,66.2,17,1,3.36,clear sky,0.0,0.0
64,Cedar City,US,2020-07-10 10:50:09,37.68,-113.06,60.8,17,1,4.7,clear sky,0.0,0.0
65,Los Llanos De Aridane,ES,2020-07-10 10:55:12,28.66,-17.92,75.2,64,20,17.22,few clouds,0.0,0.0
66,Port Alfred,ZA,2020-07-10 10:48:57,-33.59,26.89,66.0,80,52,1.01,broken clouds,0.0,0.0
67,Cape Town,ZA,2020-07-10 10:48:13,-33.93,18.42,55.0,93,75,14.99,heavy intensity rain,0.2,0.0
68,East London,ZA,2020-07-10 10:49:23,-33.02,27.91,66.2,72,75,8.05,broken clouds,0.0,0.0
69,Miri,MY,2020-07-10 10:51:27,4.41,114.01,80.6,83,40,6.93,scattered clouds,0.0,0.0
70,Nahan,IN,2020-07-10 10:55:12,30.55,77.3,96.8,67,40,10.29,haze,0.0,0.0
71,Hiriyur,IN,2020-07-10 10:55:13,13.95,76.62,82.94,60,100,15.68,light rain,0.0,0.0
72,Fortuna,US,2020-07-10 10:48:55,40.6,-124.16,55.99,100,90,5.82,overcast clouds,0.0,0.0
73,Vardo,NO,2020-07-10 10:55:13,70.37,31.11,48.2,93,75,10.29,broken clouds,0.0,0.0
74,Atuona,PF,2020-07-10 10:55:13,-9.8,-139.03,79.29,79,97,21.61,light rain,0.0,0.0
75,Walvis Bay,NA,2020-07-10 10:55:13,-22.96,14.51,62.6,63,75,8.05,broken clouds,0.0,0.0
76,Jamestown,US,2020-07-10 10:54:59,42.1,-79.24,70.0,88,1,4.7,clear sky,0.0,0.0
77,Victoria,HK,2020-07-10 10:45:18,22.29,114.16,87.01,78,100,14.76,overcast clouds,0.0,0.0
78,Chuy,UY,2020-07-10 10:51:04,-33.7,-53.46,43.09,90,26,8.21,scattered clouds,0.0,0.0
79,Bembereke,BJ,2020-07-10 10:55:14,10.23,2.66,82.74,65,54,9.86,broken clouds,0.0,0.0
80,Tocopilla,CL,2020-07-10 10:55:14,-22.09,-70.2,55.2,68,25,2.26,scattered clouds,0.0,0.0
81,Kapaa,US,2020-07-10 10:48:48,22.08,-159.32,78.8,83,90,13.87,overcast clouds,0.0,0.0
82,Luderitz,NA,2020-07-10 10:55:14,-26.65,15.16,57.2,93,86,27.51,light rain,0.0,0.0
83,Yumen,CN,2020-07-10 10:55:15,40.28,97.2,88.02,12,100,5.44,overcast clouds,0.0,0.0
84,Nadym,RU,2020-07-10 10:55:15,65.53,72.52,69.8,46,0,18.97,clear sky,0.0,0.0
85,Karratha,AU,2020-07-10 10:50:10,-20.74,116.85,70.14,49,0,5.48,clear sky,0.0,0.0
86,Mar Del Plata,AR,2020-07-10 10:54:26,-38.0,-57.56,46.99,81,90,19.46,light rain,0.0,0.0
87,Katherine,AU,2020-07-10 10:55:15,-14.47,132.27,80.6,42,40,5.82,scattered clouds,0.0,0.0
88,Mount Isa,AU,2020-07-10 10:50:05,-20.73,139.5,75.2,31,0,5.82,clear sky,0.0,0.0
89,Luanda,AO,2020-07-10 10:54:31,-8.84,13.23,78.8,65,75,4.7,broken clouds,0.0,0.0
90,Pevek,RU,2020-07-10 10:55:15,69.7,170.31,42.37,100,78,7.34,broken clouds,0.0,0.0
91,Haines Junction,CA,2020-07-10 10:49:53,60.75,-137.51,45.19,80,100,1.61,overcast clouds,0.0,0.0
92,Ako,JP,2020-07-10 10:55:16,34.75,134.4,75.0,99,100,13.56,light rain,0.0,0.0
93,Kodiak,US,2020-07-10 10:49:00,57.79,-152.41,53.6,76,75,3.36,broken clouds,0.0,0.0
94,Ribeira Grande,PT,2020-07-10 10:49:50,38.52,-28.7,69.8,68,75,3.36,broken clouds,0.0,0.0
95,Codajas,BR,2020-07-10 10:55:16,-3.84,-62.06,73.85,88,33,1.1,scattered clouds,0.0,0.0
96,Sisophon,KH,2020-07-10 10:55:16,13.59,102.97,88.65,67,98,6.53,light rain,0.0,0.0
97,Longyearbyen,SJ,2020-07-10 10:49:21,78.22,15.64,50.0,66,20,16.11,few clouds,0.0,0.0
98,Biltine,TD,2020-07-10 10:55:17,14.53,20.92,93.06,37,100,12.26,overcast clouds,0.0,0.0
99,Evinayong,GQ,2020-07-10 10:55:17,1.44,10.55,79.21,65,98,4.68,overcast clouds,0.0,0.0
100,Georgetown,MY,2020-07-10 10:46:09,5.41,100.34,86.0,74,20,6.93,few clouds,0.0,0.0
101,Luwuk,ID,2020-07-10 10:55:17,-0.95,122.79,77.7,81,93,4.54,light rain,0.0,0.0
102,Olafsvik,IS,2020-07-10 10:55:17,64.89,-23.71,50.67,75,75,9.17,broken clouds,0.0,0.0
103,Qaanaaq,GL,2020-07-10 10:49:16,77.48,-69.36,44.46,60,29,2.44,scattered clouds,0.0,0.0
104,Ostrovnoy,RU,2020-07-10 10:55:17,68.05,39.51,66.85,49,12,18.72,few clouds,0.0,0.0
105,Hithadhoo,MV,2020-07-10 10:49:31,-0.6,73.08,83.64,74,98,8.25,moderate rain,0.1,0.0
106,Upernavik,GL,2020-07-10 10:49:19,72.79,-56.15,39.4,86,100,9.13,overcast clouds,0.0,0.0
107,Tadine,NC,2020-07-10 10:55:18,-21.55,167.88,66.45,75,5,16.37,clear sky,0.0,0.0
108,Aklavik,CA,2020-07-10 10:55:18,68.22,-135.01,39.2,93,90,6.93,overcast clouds,0.0,0.0
109,Shahganj,IN,2020-07-10 10:55:18,26.05,82.68,78.8,94,90,5.82,thunderstorm with light rain,0.0,0.0
110,San Cristobal,VE,2020-07-10 10:48:58,7.77,-72.22,63.91,86,35,4.16,scattered clouds,0.0,0.0
111,Broome,US,2020-07-10 10:55:18,42.25,-75.83,71.01,88,1,5.82,clear sky,0.0,0.0
112,Lae,PG,2020-07-10 10:55:18,-6.72,146.98,76.66,80,82,1.01,light rain,0.0,0.0
113,Bengkulu,ID,2020-07-10 10:49:10,-3.8,102.27,80.98,83,92,5.88,overcast clouds,0.0,0.0
114,Khorramshahr,IR,2020-07-10 10:55:19,30.44,48.17,118.4,9,0,4.7,clear sky,0.0,0.0
115,Neijiang,CN,2020-07-10 10:55:19,29.58,105.06,75.45,93,99,8.77,overcast clouds,0.0,0.0
116,Zonguldak,TR,2020-07-10 10:55:19,41.25,31.83,80.6,54,20,12.75,few clouds,0.0,0.0
117,Cabedelo,BR,2020-07-10 10:55:19,-6.98,-34.83,75.2,94,20,4.7,few clouds,0.0,0.0
118,Oranjemund,NA,2020-07-10 10:55:06,-28.55,16.43,57.25,80,100,32.06,moderate rain,0.1,0.0
119,Ilulissat,GL,2020-07-10 10:55:19,69.22,-51.1,41.0,93,90,18.34,light rain,0.0,0.0
120,Tuktoyaktuk,CA,2020-07-10 10:49:13,69.45,-133.04,39.2,100,90,10.29,light intensity drizzle,0.0,0.0
121,Marzuq,YE,2020-07-10 10:55:19,14.4,46.47,98.69,18,3,6.49,clear sky,0.0,0.0
122,San Patricio,MX,2020-07-10 10:55:20,19.22,-104.7,79.3,74,100,1.9,overcast clouds,0.0,0.0
123,Saldanha,ZA,2020-07-10 10:49:20,-33.01,17.94,53.6,93,99,10.29,light rain,0.0,0.0
124,Oktyabrskoye,RU,2020-07-10 10:55:20,43.06,44.74,75.2,69,75,6.71,broken clouds,0.0,0.0
125,Bredasdorp,ZA,2020-07-10 10:49:08,-34.53,20.04,55.4,76,95,8.05,overcast clouds,0.0,0.0
126,Amos,CA,2020-07-10 10:55:20,48.57,-78.12,71.01,82,20,5.82,few clouds,0.0,0.0
127,Jinchang,CN,2020-07-10 10:55:20,38.5,102.17,87.93,12,100,14.29,overcast clouds,0.0,0.0
128,Nizhnevartovsk,RU,2020-07-10 10:55:21,60.93,76.55,71.6,56,40,13.42,scattered clouds,0.0,0.0
129,Fare,PF,2020-07-10 10:55:21,-16.7,-151.02,77.95,79,54,21.47,broken clouds,0.0,0.0
130,Santiago Del Estero,AR,2020-07-10 10:55:21,-27.8,-64.26,48.07,80,0,7.25,clear sky,0.0,0.0
131,Dangriga,BZ,2020-07-10 10:55:21,16.97,-88.23,82.0,84,95,4.0,light rain,0.0,0.0
132,Pyaozerskiy,RU,2020-07-10 10:55:21,65.83,31.17,61.47,57,1,13.94,light rain,0.0,0.0
133,Ayan,RU,2020-07-10 10:55:21,56.45,138.17,50.59,94,100,3.78,overcast clouds,0.0,0.0
134,Mayor Pablo Lagerenza,PY,2020-07-10 10:55:21,-19.93,-60.77,56.28,88,98,5.12,overcast clouds,0.0,0.0
135,Diffa,NE,2020-07-10 10:55:22,13.32,12.61,95.77,34,83,14.65,broken clouds,0.0,0.0
136,Delta Del Tigre,UY,2020-07-10 10:55:22,-34.76,-56.39,44.01,81,88,8.05,overcast clouds,0.0,0.0
137,Hasaki,JP,2020-07-10 10:49:15,35.73,140.83,80.6,83,75,11.41,broken clouds,0.0,0.0
138,Dikson,RU,2020-07-10 10:48:54,73.51,80.55,45.59,75,28,20.71,scattered clouds,0.0,0.0
139,Chokurdakh,RU,2020-07-10 10:49:07,70.63,147.92,56.43,56,58,11.95,broken clouds,0.0,0.0
140,Castro,BR,2020-07-10 10:49:01,-24.79,-50.01,44.06,68,72,2.73,broken clouds,0.0,0.0
141,Chadiza,ZM,2020-07-10 10:55:23,-14.07,32.44,80.29,40,47,4.72,scattered clouds,0.0,0.0
142,Lisakovsk,KZ,2020-07-10 10:55:23,52.54,62.49,90.7,38,9,10.13,clear sky,0.0,0.0
143,College,US,2020-07-10 10:55:23,64.86,-147.8,55.4,87,75,3.36,light rain,0.0,0.0
144,Cidreira,BR,2020-07-10 10:49:20,-30.18,-50.21,49.66,79,0,6.62,clear sky,0.0,0.0
145,Te Anau,NZ,2020-07-10 10:50:16,-45.42,167.72,41.16,86,100,2.24,overcast clouds,0.0,0.0
146,Abu Kamal,SY,2020-07-10 10:55:23,34.45,40.92,106.54,15,53,8.21,broken clouds,0.0,0.0
147,Ismailia,EG,2020-07-10 10:55:24,30.6,32.27,97.56,23,0,11.54,clear sky,0.0,0.0
148,Acapulco,MX,2020-07-10 10:49:21,16.86,-99.89,79.03,79,66,4.0,broken clouds,0.0,0.0
149,Bluff,NZ,2020-07-10 10:49:06,-46.6,168.33,50.2,79,96,17.52,light rain,0.0,0.0
150,Severnyy,RU,2020-07-10 10:55:24,50.68,36.55,73.4,43,10,4.47,clear sky,0.0,0.0
151,Andenes,NO,2020-07-10 10:49:05,69.31,16.12,53.6,81,46,5.82,scattered clouds,0.0,0.0
152,Jacareacanga,BR,2020-07-10 10:55:24,-6.22,-57.75,71.04,73,13,1.28,few clouds,0.0,0.0
153,Codrington,AU,2020-07-10 10:55:24,-38.27,141.97,48.76,88,100,5.73,overcast clouds,0.0,0.0
154,Namibe,AO,2020-07-10 10:49:20,-15.2,12.15,64.4,68,20,12.75,few clouds,0.0,0.0
155,Dumai,ID,2020-07-10 10:55:25,1.68,101.45,82.11,74,85,2.28,overcast clouds,0.0,0.0
156,Puerto Ayora,EC,2020-07-10 10:49:06,-0.74,-90.35,68.0,89,98,1.01,overcast clouds,0.0,0.0
157,Kapuskasing,CA,2020-07-10 10:55:25,49.42,-82.43,62.6,93,75,3.36,broken clouds,0.0,0.0
158,Salalah,OM,2020-07-10 10:49:17,17.02,54.09,86.0,79,75,13.87,broken clouds,0.0,0.0
159,Pafos,CY,2020-07-10 10:54:59,34.77,32.42,89.01,66,40,8.05,scattered clouds,0.0,0.0
160,Souillac,MU,2020-07-10 10:49:02,-20.52,57.52,73.4,69,40,18.34,scattered clouds,0.0,0.0
161,Itarema,BR,2020-07-10 10:49:58,-2.92,-39.92,78.46,76,64,12.82,broken clouds,0.0,0.0
162,Demirci,TR,2020-07-10 10:55:25,39.05,28.66,85.53,26,0,8.08,clear sky,0.0,0.0
163,Wajima,JP,2020-07-10 10:55:26,37.4,136.9,71.6,94,75,5.82,light intensity shower rain,0.0,0.0
164,Santa Cruz Del Norte,CU,2020-07-10 10:55:26,23.15,-81.92,75.2,100,20,4.7,few clouds,0.0,0.0
165,Redmond,US,2020-07-10 10:51:51,47.67,-122.12,55.99,91,63,3.0,broken clouds,0.0,0.0
166,Tual,ID,2020-07-10 10:55:26,-5.67,132.75,79.54,87,99,16.82,light rain,0.0,0.0
167,Manokwari,ID,2020-07-10 10:55:26,-0.87,134.08,81.41,73,87,1.12,overcast clouds,0.0,0.0
168,Ashington,GB,2020-07-10 10:51:38,50.93,-0.39,68.0,48,40,12.75,scattered clouds,0.0,0.0
169,Thompson,CA,2020-07-10 10:48:54,55.74,-97.86,55.4,93,75,4.7,broken clouds,0.0,0.0
170,Torbay,CA,2020-07-10 10:55:27,47.67,-52.73,54.0,87,90,4.7,overcast clouds,0.0,0.0
171,Bira,RU,2020-07-10 10:55:27,49.0,132.47,65.37,89,34,1.72,scattered clouds,0.0,0.0
172,Dunedin,NZ,2020-07-10 10:49:12,-45.87,170.5,46.0,68,52,1.99,broken clouds,0.0,0.0
173,Nikolskoye,RU,2020-07-10 10:55:27,59.7,30.79,70.0,49,75,6.71,broken clouds,0.0,0.0
174,Gizo,SB,2020-07-10 10:49:28,-8.1,156.84,83.01,80,100,16.53,light rain,0.0,0.0
175,Gerash,IR,2020-07-10 10:55:27,27.67,54.14,109.4,13,40,2.55,scattered clouds,0.0,0.0
176,Mairana,BO,2020-07-10 10:55:28,-18.12,-63.93,47.28,100,100,2.62,overcast clouds,0.0,0.0
177,Raudeberg,NO,2020-07-10 10:55:28,61.99,5.14,59.0,74,55,8.08,broken clouds,0.0,0.0
178,Airai,TL,2020-07-10 10:55:28,-8.93,125.41,58.03,100,72,4.14,broken clouds,0.0,0.0
179,Mason City,US,2020-07-10 10:54:35,43.15,-93.2,66.0,100,1,9.17,clear sky,0.0,0.0
180,Kilosa,TZ,2020-07-10 10:55:28,-6.83,36.98,70.83,86,99,2.93,light rain,0.0,0.0
181,Trairi,BR,2020-07-10 10:55:28,-3.28,-39.27,75.97,85,35,8.79,light rain,0.0,0.0
182,Dingle,PH,2020-07-10 10:48:58,11.0,122.67,80.64,82,98,1.95,moderate rain,0.1,0.0
183,Alihe,CN,2020-07-10 10:55:29,50.57,123.72,77.47,46,3,5.35,clear sky,0.0,0.0
184,Homer,US,2020-07-10 10:55:29,59.64,-151.55,55.99,87,75,3.36,broken clouds,0.0,0.0
185,Otjiwarongo,NA,2020-07-10 10:55:29,-20.46,16.65,75.2,16,1,23.64,clear sky,0.0,0.0
186,Lata,PT,2020-07-10 10:49:17,40.16,-8.33,82.0,49,0,4.03,clear sky,0.0,0.0
187,Sambava,MG,2020-07-10 10:55:30,-14.27,50.17,77.14,63,6,16.62,clear sky,0.0,0.0
188,Bathsheba,BB,2020-07-10 10:49:48,13.22,-59.52,80.6,83,40,18.34,shower rain,0.0,0.0
189,Axim,GH,2020-07-10 10:55:30,4.87,-2.24,79.27,79,90,10.96,light rain,0.0,0.0
190,Darab,IR,2020-07-10 10:55:30,28.75,54.54,101.41,11,79,7.7,broken clouds,0.0,0.0
191,Faya,SA,2020-07-10 10:49:30,18.39,42.45,93.2,9,20,11.41,few clouds,0.0,0.0
192,Roald,NO,2020-07-10 10:55:30,62.58,6.13,57.0,76,75,11.41,broken clouds,0.0,0.0
193,North Platte,US,2020-07-10 10:49:51,41.12,-100.77,66.2,72,1,12.75,clear sky,0.0,0.0
194,Portland,US,2020-07-10 10:53:23,45.52,-122.68,60.01,77,40,5.82,scattered clouds,0.0,0.0
195,Beloha,MG,2020-07-10 10:49:37,-25.17,45.05,83.7,21,0,10.22,clear sky,0.0,0.0
196,Kinango,KE,2020-07-10 10:55:31,-4.14,39.32,82.4,61,40,9.17,scattered clouds,0.0,0.0
197,Bintulu,MY,2020-07-10 10:55:31,3.17,113.03,77.0,100,40,5.82,light rain,0.0,0.0
198,La Asuncion,VE,2020-07-10 10:55:31,11.03,-63.86,78.8,94,4,9.17,clear sky,0.0,0.0
199,Kenai,US,2020-07-10 10:49:23,60.55,-151.26,57.2,81,75,7.63,broken clouds,0.0,0.0
200,Jibuti,DJ,2020-07-10 10:49:04,11.5,42.5,109.4,18,1,14.99,haze,0.0,0.0
201,Galveston,US,2020-07-10 10:55:32,29.37,-94.97,84.2,83,1,10.29,clear sky,0.0,0.0
202,Agde,FR,2020-07-10 10:55:32,43.31,3.48,86.0,48,63,6.93,broken clouds,0.0,0.0
203,Padang,ID,2020-07-10 10:49:25,-0.95,100.35,82.27,74,88,2.95,light rain,0.0,0.0
204,Mogadishu,SO,2020-07-10 10:55:32,2.04,45.34,82.4,65,75,11.41,broken clouds,0.0,0.0
205,Pekan,MY,2020-07-10 10:55:32,3.48,103.4,84.2,83,20,3.36,few clouds,0.0,0.0
206,Diego De Almagro,CL,2020-07-10 10:55:32,-26.37,-70.05,44.31,58,0,0.63,clear sky,0.0,0.0
207,Kantang,TH,2020-07-10 10:55:33,7.41,99.52,78.8,88,20,6.93,few clouds,0.0,0.0
208,Rundu,NA,2020-07-10 10:55:33,-17.93,19.77,60.8,14,0,8.95,clear sky,0.0,0.0
209,Twin Falls,US,2020-07-10 10:55:33,42.56,-114.46,64.4,34,1,11.41,clear sky,0.0,0.0
210,Zhezkazgan,KZ,2020-07-10 10:55:33,47.8,67.71,91.4,18,0,13.42,clear sky,0.0,0.0
211,Ranong,TH,2020-07-10 10:55:33,9.97,98.63,84.2,79,20,4.7,few clouds,0.0,0.0
212,Douglas,US,2020-07-10 10:55:33,41.3,-96.17,68.0,94,1,3.65,clear sky,0.0,0.0
213,Wittmund,DE,2020-07-10 10:55:33,53.57,7.78,57.2,76,75,8.05,broken clouds,0.0,0.0
214,Rovaniemi,FI,2020-07-10 10:55:34,66.5,25.72,51.8,93,75,6.93,shower rain,0.0,0.0
215,Bambanglipuro,ID,2020-07-10 10:49:48,-7.95,110.28,77.77,79,99,13.29,overcast clouds,0.0,0.0
216,Nara,JP,2020-07-10 10:49:54,34.69,135.8,84.2,70,75,4.7,broken clouds,0.0,0.0
217,Tobol,KZ,2020-07-10 10:55:34,52.68,62.58,90.09,40,10,9.98,clear sky,0.0,0.0
218,Finschhafen,PG,2020-07-10 10:55:34,-6.6,147.87,77.97,85,100,11.54,moderate rain,0.1,0.0
219,Paamiut,GL,2020-07-10 10:48:51,61.99,-49.67,42.01,97,100,10.29,light rain,0.0,0.0
220,Lang Suan,TH,2020-07-10 10:55:34,9.95,99.08,84.2,79,20,4.7,few clouds,0.0,0.0
221,Port Moresby,PG,2020-07-10 10:49:56,-9.44,147.18,77.13,89,78,9.98,light rain,0.0,0.0
222,Celestun,MX,2020-07-10 10:55:35,20.87,-90.4,78.35,86,9,8.68,clear sky,0.0,0.0
223,Aden,YE,2020-07-10 10:55:35,12.78,45.04,93.42,53,52,14.76,broken clouds,0.0,0.0
224,Kayasula,RU,2020-07-10 10:55:35,44.33,45.0,87.6,39,81,11.27,broken clouds,0.0,0.0
225,Luangwa,ZM,2020-07-10 10:55:35,-15.62,30.42,84.31,47,74,4.47,broken clouds,0.0,0.0
226,Provideniya,RU,2020-07-10 10:55:35,64.38,-173.3,55.54,66,67,6.44,broken clouds,0.0,0.0
227,Kahului,US,2020-07-10 10:49:08,20.89,-156.47,80.6,57,20,17.22,smoke,0.0,0.0
228,Burns Lake,CA,2020-07-10 10:55:35,54.23,-125.75,43.25,88,85,3.33,overcast clouds,0.0,0.0
229,Njinikom,CM,2020-07-10 10:55:36,6.23,10.28,65.82,96,100,2.8,light rain,0.0,0.0
230,New Norfolk,AU,2020-07-10 10:49:15,-42.78,147.06,42.01,87,98,2.06,overcast clouds,0.0,0.0
231,Chatham,GB,2020-07-10 10:55:36,51.38,0.53,66.0,57,46,7.0,scattered clouds,0.0,0.0
232,Nampa,US,2020-07-10 10:55:36,43.54,-116.56,66.2,52,1,11.41,clear sky,0.0,0.0
233,Goma,CD,2020-07-10 10:55:36,-1.68,29.22,71.6,60,75,20.8,squalls,0.0,0.0
234,Mulatupo,PA,2020-07-10 10:55:36,8.95,-77.77,77.23,86,97,4.92,overcast clouds,0.0,0.0
235,Aykhal,RU,2020-07-10 10:49:39,66.0,111.5,60.8,93,90,8.95,overcast clouds,0.0,0.0
236,Emba,KZ,2020-07-10 10:55:37,48.83,58.14,92.66,28,0,13.78,clear sky,0.0,0.0
237,Zhigansk,RU,2020-07-10 10:50:11,66.77,123.37,70.72,46,58,4.32,broken clouds,0.0,0.0
238,Taltal,CL,2020-07-10 10:55:37,-25.4,-70.48,51.73,73,14,1.57,few clouds,0.0,0.0
239,Nagato,JP,2020-07-10 10:55:37,34.38,131.2,75.2,100,75,9.17,broken clouds,0.0,0.0
240,Pacifica,US,2020-07-10 10:55:38,37.61,-122.49,55.99,93,90,5.82,mist,0.0,0.0
241,Natal,BR,2020-07-10 10:53:47,-5.79,-35.21,73.4,100,20,4.7,few clouds,0.0,0.0
242,Okhotsk,RU,2020-07-10 10:55:38,59.38,143.3,52.59,92,99,4.65,overcast clouds,0.0,0.0
243,Nampula,MZ,2020-07-10 10:52:48,-15.12,39.27,78.8,50,40,5.82,scattered clouds,0.0,0.0
244,Coihaique,CL,2020-07-10 10:49:13,-45.58,-72.07,33.8,74,40,3.36,scattered clouds,0.0,0.0
245,Mayumba,GA,2020-07-10 10:55:38,-3.43,10.66,77.29,74,87,6.62,overcast clouds,0.0,0.0
246,Tasiilaq,GL,2020-07-10 10:49:22,65.61,-37.64,42.8,81,75,5.82,broken clouds,0.0,0.0
247,Denpasar,ID,2020-07-10 10:55:39,-8.65,115.22,80.6,100,40,12.75,scattered clouds,0.0,0.0
248,Areka,ET,2020-07-10 10:55:39,7.07,37.7,71.89,67,78,3.83,broken clouds,0.0,0.0
249,Grindavik,IS,2020-07-10 10:55:39,63.84,-22.43,50.0,76,75,6.93,broken clouds,0.0,0.0
250,Sterling,US,2020-07-10 10:55:39,39.01,-77.43,73.4,88,20,8.05,few clouds,0.0,0.0
251,Ahipara,NZ,2020-07-10 10:49:45,-35.17,173.17,51.33,82,1,4.56,clear sky,0.0,0.0
252,Koboko,UG,2020-07-10 10:55:40,3.41,30.96,76.48,74,77,2.89,light rain,0.0,0.0
253,Udachnyy,RU,2020-07-10 10:55:40,66.42,112.4,60.8,93,90,8.95,light intensity shower rain,0.0,0.0
254,Talnakh,RU,2020-07-10 10:49:18,69.49,88.4,64.4,59,5,35.79,clear sky,0.0,0.0
255,Puerto Narino,CO,2020-07-10 10:55:40,-3.77,-70.38,70.09,99,100,2.8,light rain,0.0,0.0
256,Kamina,CD,2020-07-10 10:55:40,-8.74,24.99,89.89,21,38,6.22,scattered clouds,0.0,0.0
257,Valparaiso,CL,2020-07-10 10:53:56,-33.04,-71.63,41.0,100,100,2.24,overcast clouds,0.0,0.0
258,Kavieng,PG,2020-07-10 10:48:53,-2.57,150.8,82.83,78,99,12.19,light rain,0.0,0.0
259,Thinadhoo,MV,2020-07-10 10:49:28,0.53,72.93,85.03,69,91,7.16,overcast clouds,0.0,0.0
260,Novonikolsk,RU,2020-07-10 10:55:41,43.85,131.86,71.6,88,94,4.47,overcast clouds,0.0,0.0
261,Kyren,RU,2020-07-10 10:55:41,51.68,102.14,76.23,43,56,3.44,broken clouds,0.0,0.0
262,Srednekolymsk,RU,2020-07-10 10:55:41,67.45,153.68,64.67,54,89,9.75,overcast clouds,0.0,0.0
263,Tortoli,IT,2020-07-10 10:55:41,39.93,9.66,91.4,49,20,5.82,few clouds,0.0,0.0
264,Faanui,PF,2020-07-10 10:49:47,-16.48,-151.75,77.77,79,58,20.15,light rain,0.0,0.0
265,Port Lincoln,AU,2020-07-10 10:55:42,-34.73,135.87,52.77,78,47,14.45,light rain,0.0,0.0
266,Lebu,CL,2020-07-10 10:48:04,-37.62,-73.65,50.4,84,100,9.82,overcast clouds,0.0,0.0
267,Tazovskiy,RU,2020-07-10 10:49:01,67.47,78.7,65.93,52,0,15.32,clear sky,0.0,0.0
268,Mazyr,BY,2020-07-10 10:55:42,52.05,29.25,74.48,58,34,13.0,scattered clouds,0.0,0.0
269,Ceyranbatan,AZ,2020-07-10 10:55:42,40.54,49.66,84.2,58,44,29.97,scattered clouds,0.0,0.0
270,Sinnamary,GF,2020-07-10 10:55:42,5.38,-52.95,77.68,87,85,7.65,light rain,0.0,0.0
271,Papetoai,PF,2020-07-10 10:55:42,-17.5,-149.87,75.2,69,75,4.7,broken clouds,0.0,0.0
272,Fort Morgan,US,2020-07-10 10:52:10,40.25,-103.8,64.4,88,1,10.29,clear sky,0.0,0.0
273,West Bay,KY,2020-07-10 10:50:53,19.37,-81.42,84.0,76,95,14.85,overcast clouds,0.0,0.0
274,Anadyr,RU,2020-07-10 10:55:43,64.75,177.48,55.4,87,40,2.24,scattered clouds,0.0,0.0
275,Jurado,CO,2020-07-10 10:55:43,7.11,-77.76,75.45,92,100,3.78,moderate rain,0.1,0.0
276,Atambua,ID,2020-07-10 10:50:05,-9.11,124.89,71.83,84,45,4.07,scattered clouds,0.0,0.0
277,Saint-Michel-Des-Saints,CA,2020-07-10 10:55:43,46.68,-73.92,73.0,8,32,3.6,scattered clouds,0.0,0.0
278,Ellwangen,DE,2020-07-10 10:55:43,48.96,10.13,81.0,50,28,5.99,scattered clouds,0.0,0.0
279,Praia,CV,2020-07-10 10:54:31,14.92,-23.51,80.6,69,20,2.24,few clouds,0.0,0.0
280,Geraldton,AU,2020-07-10 10:50:01,-28.77,114.6,57.2,58,19,8.05,few clouds,0.0,0.0
281,Kitui,KE,2020-07-10 10:55:44,-1.37,38.01,79.36,38,98,11.05,overcast clouds,0.0,0.0
282,Mantua,IT,2020-07-10 10:55:15,45.17,10.78,89.01,49,2,3.0,clear sky,0.0,0.0
283,Bilokurakyne,UA,2020-07-10 10:55:44,49.53,38.73,76.73,43,23,8.68,few clouds,0.0,0.0
284,Laguna,US,2020-07-10 10:55:44,38.42,-121.42,69.01,60,1,4.7,clear sky,0.0,0.0
285,Udarnyy,RU,2020-07-10 10:55:44,54.34,42.86,73.65,50,0,8.59,clear sky,0.0,0.0
286,Peyima,SL,2020-07-10 10:55:44,8.7,-11.03,71.47,97,100,2.71,light rain,0.0,0.0
287,Flinders,AU,2020-07-10 10:49:57,-34.58,150.86,57.99,83,97,1.01,overcast clouds,0.0,0.0
288,Venado Tuerto,AR,2020-07-10 10:55:45,-33.75,-61.97,46.0,75,61,10.0,broken clouds,0.0,0.0
289,Lagoa,PT,2020-07-10 10:55:45,39.05,-27.98,67.82,77,72,5.73,broken clouds,0.0,0.0
290,Vila Franca Do Campo,PT,2020-07-10 10:55:45,37.72,-25.43,71.6,60,40,5.82,scattered clouds,0.0,0.0
291,Little Current,CA,2020-07-10 10:55:45,45.98,-81.92,71.6,94,40,6.93,scattered clouds,0.0,0.0
292,Verkh-Usugli,RU,2020-07-10 10:55:45,52.7,115.17,74.84,58,47,4.18,scattered clouds,0.0,0.0
293,Nizwa,OM,2020-07-10 10:55:46,22.93,57.53,107.31,15,79,7.78,broken clouds,0.0,0.0
294,Lalibela,ET,2020-07-10 10:55:46,12.03,39.03,74.98,35,60,2.53,broken clouds,0.0,0.0
295,Saint Anthony,US,2020-07-10 10:49:50,45.02,-93.22,68.0,88,1,4.7,clear sky,0.0,0.0
296,Port Elizabeth,ZA,2020-07-10 10:49:03,-33.92,25.57,66.2,63,20,3.36,few clouds,0.0,0.0
297,Cayenne,GF,2020-07-10 10:49:37,4.93,-52.33,73.4,100,20,1.12,few clouds,0.0,0.0
298,Trelew,AR,2020-07-10 10:49:29,-43.25,-65.31,34.39,88,78,12.3,broken clouds,0.0,0.0
299,Namatanai,PG,2020-07-10 10:55:46,-3.67,152.43,80.73,76,98,7.63,overcast clouds,0.0,0.0
300,Sfantu Gheorghe,RO,2020-07-10 10:55:46,45.87,25.78,80.46,48,0,2.13,clear sky,0.0,0.0
301,San Quintin,MX,2020-07-10 10:49:52,30.48,-115.95,63.79,89,3,3.87,clear sky,0.0,0.0
302,Aksarka,RU,2020-07-10 10:55:47,66.56,67.8,72.54,37,78,5.5,broken clouds,0.0,0.0
303,Garden City,US,2020-07-10 10:51:54,42.33,-83.33,78.01,83,75,5.82,broken clouds,0.0,0.0
304,Show Low,US,2020-07-10 10:55:47,34.25,-110.03,62.6,42,1,3.24,clear sky,0.0,0.0
305,Pskov,RU,2020-07-10 10:55:47,57.81,28.35,62.6,77,40,4.47,light intensity shower rain,0.0,0.0
306,Ulladulla,AU,2020-07-10 10:55:47,-35.35,150.47,51.8,81,40,1.12,scattered clouds,0.0,0.0
307,Ville-Marie,CA,2020-07-10 10:51:15,47.33,-79.43,68.0,88,90,4.7,overcast clouds,0.0,0.0
308,Alofi,NU,2020-07-10 10:50:13,-19.06,-169.92,73.4,83,100,18.34,light rain,0.0,0.0
309,Yangjiang,CN,2020-07-10 10:55:48,21.85,111.97,83.35,86,100,13.87,overcast clouds,0.0,0.0
310,Hamilton,US,2020-07-10 10:55:48,39.18,-84.53,75.99,94,1,4.88,mist,0.0,0.0
311,Huambo,AO,2020-07-10 10:55:48,-12.78,15.74,77.0,29,41,3.36,scattered clouds,0.0,0.0
312,Cururupu,BR,2020-07-10 10:50:15,-1.83,-44.87,79.27,85,99,5.53,overcast clouds,0.0,0.0
313,Khandbari,NP,2020-07-10 10:49:36,27.37,87.2,76.06,77,100,0.78,light rain,0.0,0.0
314,Bethel,US,2020-07-10 10:49:42,41.37,-73.41,73.0,100,90,4.7,overcast clouds,0.0,0.0
315,Ponta Do Sol,PT,2020-07-10 10:49:43,32.67,-17.1,73.4,60,20,23.04,few clouds,0.0,0.0
316,Shimoda,JP,2020-07-10 10:55:49,34.67,138.95,72.0,89,69,1.01,light rain,0.0,0.0
317,Tuatapere,NZ,2020-07-10 10:55:49,-46.13,167.68,46.02,83,98,6.08,overcast clouds,0.0,0.0
318,Esperance,AU,2020-07-10 10:55:49,-33.87,121.9,48.2,93,90,5.82,overcast clouds,0.0,0.0
319,Djougou,BJ,2020-07-10 10:55:49,9.71,1.67,78.33,75,98,9.57,overcast clouds,0.0,0.0
320,Kavaratti,IN,2020-07-10 10:55:50,10.57,72.64,83.82,75,100,13.49,light rain,0.0,0.0
321,Constitucion,CL,2020-07-10 10:48:58,-35.33,-72.42,53.78,92,100,11.03,light rain,0.0,0.0
322,Kabwe,ZM,2020-07-10 10:55:50,-14.45,28.45,82.38,35,51,5.7,broken clouds,0.0,0.0
323,Klaksvik,FO,2020-07-10 10:48:52,62.23,-6.59,51.8,71,20,19.46,few clouds,0.0,0.0
324,Mount Gambier,AU,2020-07-10 10:55:50,-37.83,140.77,50.0,87,90,6.93,overcast clouds,0.0,0.0
325,Shelburne,CA,2020-07-10 10:55:50,44.08,-80.2,72.0,93,1,2.24,clear sky,0.0,0.0
326,Nelson Bay,AU,2020-07-10 10:49:29,-32.72,152.15,54.0,93,40,5.91,scattered clouds,0.0,0.0
327,Abu Samrah,SY,2020-07-10 10:55:51,35.3,37.18,98.17,18,0,6.04,clear sky,0.0,0.0
328,Takoradi,GH,2020-07-10 10:49:53,4.88,-1.76,78.94,81,68,10.76,light rain,0.0,0.0
329,La Paz,BO,2020-07-10 10:54:26,-16.5,-68.15,28.4,36,40,4.7,scattered clouds,0.0,0.0
330,Inhambane,MZ,2020-07-10 10:55:51,-23.86,35.38,77.0,65,20,11.41,few clouds,0.0,0.0
331,Marrakesh,MA,2020-07-10 10:53:26,31.63,-8.01,86.0,35,0,4.7,clear sky,0.0,0.0
332,Keuruu,FI,2020-07-10 10:55:51,62.27,24.7,64.4,48,40,13.87,shower rain,0.0,0.0
333,Nushki,PK,2020-07-10 10:55:51,29.55,66.02,105.69,6,0,16.4,clear sky,0.0,0.0
334,Sirjan,IR,2020-07-10 10:55:52,29.45,55.68,96.64,9,2,17.11,clear sky,0.0,0.0
335,Ulaanbaatar,MN,2020-07-10 10:55:52,47.91,106.88,59.0,82,75,13.42,broken clouds,0.0,0.0
336,Ribas Do Rio Pardo,BR,2020-07-10 10:54:03,-20.44,-53.76,58.77,67,62,4.18,broken clouds,0.0,0.0
337,Yar-Sale,RU,2020-07-10 10:49:38,66.83,70.83,72.97,40,0,7.85,clear sky,0.0,0.0
338,Alibag,IN,2020-07-10 10:55:52,18.64,72.88,87.8,74,75,12.75,haze,0.0,0.0
339,Half Moon Bay,US,2020-07-10 10:55:52,37.46,-122.43,59.0,93,90,5.82,mist,0.0,0.0
340,Khasan,RU,2020-07-10 10:55:53,42.43,130.64,66.79,94,100,2.48,overcast clouds,0.0,0.0
341,Necochea,AR,2020-07-10 10:50:12,-38.55,-58.74,48.99,83,100,11.01,overcast clouds,0.0,0.0
342,Aksu,CN,2020-07-10 10:54:29,41.12,80.26,90.84,17,32,2.77,scattered clouds,0.0,0.0
343,Werdohl,DE,2020-07-10 10:55:53,51.27,7.77,63.0,95,100,1.99,light rain,0.0,0.0
344,Launceston,AU,2020-07-10 10:52:31,-41.45,147.17,43.0,93,100,4.7,overcast clouds,0.0,0.0
345,Amapa,BR,2020-07-10 10:55:53,1.0,-52.0,73.9,96,55,0.81,broken clouds,0.0,0.0
346,Lasa,IT,2020-07-10 10:48:52,46.62,10.7,66.2,68,20,11.41,few clouds,0.0,0.0
347,Coahuayana,MX,2020-07-10 10:55:53,18.73,-103.68,78.21,77,100,2.75,overcast clouds,0.0,0.0
348,Sanchor,IN,2020-07-10 10:55:54,24.76,71.77,97.43,49,87,19.62,overcast clouds,0.0,0.0
349,Katsuura,JP,2020-07-10 10:49:14,35.13,140.3,81.0,83,38,5.99,scattered clouds,0.0,0.0
350,Mampong,GH,2020-07-10 10:55:54,7.06,-1.4,73.11,88,99,4.94,overcast clouds,0.0,0.0
351,Severo-Kurilsk,RU,2020-07-10 10:49:01,50.68,156.12,49.1,93,100,8.84,light rain,0.0,0.0
352,Artyom,AZ,2020-07-10 10:55:54,40.47,50.33,84.2,58,28,29.97,scattered clouds,0.0,0.0
353,Pisco,PE,2020-07-10 10:49:00,-13.7,-76.22,52.0,87,20,4.7,smoke,0.0,0.0
354,Altamont,US,2020-07-10 10:55:54,42.21,-121.74,50.0,87,1,3.6,clear sky,0.0,0.0
355,Kumla,SE,2020-07-10 10:55:55,59.13,15.14,70.0,67,65,3.36,light rain,0.0,0.0
356,Davila,PH,2020-07-10 10:55:55,18.47,120.58,87.8,74,40,4.7,thunderstorm with light rain,0.0,0.0
357,Forestville,US,2020-07-10 10:54:16,38.85,-76.88,75.99,94,90,11.41,moderate rain,0.1,0.0
358,Hami,CN,2020-07-10 10:55:55,42.8,93.45,93.09,12,97,6.64,overcast clouds,0.0,0.0
359,Tandahimba,TZ,2020-07-10 10:55:55,-10.75,39.63,85.78,40,43,12.21,scattered clouds,0.0,0.0
360,Monrovia,LR,2020-07-10 10:55:55,6.3,-10.8,78.8,83,75,9.17,broken clouds,0.0,0.0
361,Zhangjiakou,CN,2020-07-10 10:55:55,40.81,114.88,72.72,68,42,12.03,scattered clouds,0.0,0.0
362,Duluth,US,2020-07-10 10:54:12,46.78,-92.11,66.2,77,1,5.82,clear sky,0.0,0.0
363,Nemuro,JP,2020-07-10 10:55:56,43.32,145.57,57.2,100,90,5.82,fog,0.0,0.0
364,Zagare,LT,2020-07-10 10:55:56,56.36,23.25,60.8,93,90,5.82,light intensity drizzle,0.0,0.0
365,Autazes,BR,2020-07-10 10:55:56,-3.58,-59.13,74.1,92,46,2.04,scattered clouds,0.0,0.0
366,Wattegama,LK,2020-07-10 10:55:56,6.8,81.48,91.4,59,90,12.75,overcast clouds,0.0,0.0
367,Puerto Lopez,CO,2020-07-10 10:55:56,4.08,-72.96,70.34,96,100,3.02,light rain,0.0,0.0
368,Caborca,MX,2020-07-10 10:48:55,30.58,-111.1,78.01,72,100,1.01,overcast clouds,0.0,0.0
369,Sigli,ID,2020-07-10 10:55:57,5.38,95.96,82.09,73,96,4.12,light rain,0.0,0.0
370,Sungaipenuh,ID,2020-07-10 10:55:57,-2.08,101.38,69.53,94,88,0.65,light rain,0.0,0.0
371,Basco,PH,2020-07-10 10:55:57,20.45,121.97,85.93,70,91,4.16,overcast clouds,0.0,0.0
372,Adwa,ET,2020-07-10 10:55:57,14.16,38.9,76.84,48,24,12.3,light rain,0.0,0.0
373,Kichera,RU,2020-07-10 10:55:58,55.94,110.1,70.41,64,81,2.44,broken clouds,0.0,0.0
374,Tambun,ID,2020-07-10 10:55:58,-6.26,107.07,86.0,66,40,5.82,haze,0.0,0.0
375,Grand-Bourg,GP,2020-07-10 10:55:58,15.88,-61.31,80.6,83,75,6.93,broken clouds,0.0,0.0
376,Sobolevo,RU,2020-07-10 10:49:39,54.43,31.9,67.26,70,28,15.32,scattered clouds,0.0,0.0
377,Pemba,MZ,2020-07-10 10:55:58,-12.97,40.52,78.08,67,58,15.23,broken clouds,0.0,0.0
378,Oum Hadjer,TD,2020-07-10 10:49:58,13.3,19.7,92.43,40,99,10.94,overcast clouds,0.0,0.0
379,Naze,JP,2020-07-10 10:49:34,28.37,129.48,84.2,94,40,8.05,scattered clouds,0.0,0.0
380,Lorengau,PG,2020-07-10 10:49:41,-2.02,147.27,82.65,77,96,8.86,overcast clouds,0.0,0.0
381,Clyde River,CA,2020-07-10 10:55:59,70.47,-68.59,53.6,62,1,6.93,clear sky,0.0,0.0
382,Ambovombe,MG,2020-07-10 10:55:59,-25.17,46.08,76.28,47,0,8.14,clear sky,0.0,0.0
383,Innisfail,AU,2020-07-10 10:55:59,-17.53,146.03,69.37,86,19,4.88,few clouds,0.0,0.0
384,Sao Filipe,CV,2020-07-10 10:55:59,14.9,-24.5,76.44,78,69,9.53,broken clouds,0.0,0.0
385,Ketchikan,US,2020-07-10 10:49:50,55.34,-131.65,55.4,93,90,14.99,moderate rain,0.1,0.0
386,Xuanhua,CN,2020-07-10 10:56:00,40.61,115.04,74.25,66,28,8.88,light rain,0.0,0.0
387,Banda Aceh,ID,2020-07-10 10:56:00,5.56,95.32,81.75,75,100,2.84,overcast clouds,0.0,0.0
388,Sarkand,KZ,2020-07-10 10:49:20,45.41,79.92,79.7,29,97,6.02,light rain,0.0,0.0
389,Bandarbeyla,SO,2020-07-10 10:56:00,9.49,50.81,93.51,40,100,27.78,overcast clouds,0.0,0.0
390,Jardim,BR,2020-07-10 10:56:00,-21.48,-56.14,57.52,72,98,4.54,overcast clouds,0.0,0.0
391,Kerema,PG,2020-07-10 10:49:49,-7.96,145.78,79.65,88,81,5.39,light rain,0.0,0.0
392,Port Antonio,JM,2020-07-10 10:56:01,18.18,-76.46,82.4,65,20,11.41,few clouds,0.0,0.0
393,Coquimbo,CL,2020-07-10 10:49:36,-29.95,-71.34,48.2,70,23,2.24,few clouds,0.0,0.0
394,Poltavka,RU,2020-07-10 10:56:01,54.37,71.76,74.39,51,1,14.81,clear sky,0.0,0.0
395,Teguise,ES,2020-07-10 10:56:01,29.06,-13.56,78.8,57,20,24.16,few clouds,0.0,0.0
396,Dudinka,RU,2020-07-10 10:56:01,69.41,86.18,64.4,59,0,33.55,clear sky,0.0,0.0
397,Port Blair,IN,2020-07-10 10:54:09,11.67,92.75,84.0,76,99,13.11,overcast clouds,0.0,0.0
398,Conneaut,US,2020-07-10 10:56:01,41.95,-80.55,75.0,88,1,6.93,clear sky,0.0,0.0
399,Campeche,MX,2020-07-10 10:56:02,19.0,-90.5,72.41,98,94,1.9,overcast clouds,0.0,0.0
400,Asau,RO,2020-07-10 10:49:31,46.43,26.4,84.0,45,20,8.05,few clouds,0.0,0.0
401,Cam Ranh,VN,2020-07-10 10:56:02,11.92,109.16,91.4,66,20,12.75,few clouds,0.0,0.0
402,Karpathos,GR,2020-07-10 10:56:02,35.51,27.21,82.4,61,20,28.86,few clouds,0.0,0.0
403,Smidovich,RU,2020-07-10 10:56:02,48.6,133.82,64.45,89,10,3.09,clear sky,0.0,0.0
404,Galbshtadt,RU,2020-07-10 10:56:02,53.23,78.98,73.02,55,39,18.25,scattered clouds,0.0,0.0
405,Kamaishi,JP,2020-07-10 10:48:57,39.27,141.88,75.2,94,75,4.7,light intensity shower rain,0.0,0.0
406,Port Hardy,CA,2020-07-10 10:56:03,50.7,-127.42,54.18,88,85,4.14,overcast clouds,0.0,0.0
407,Tambovka,RU,2020-07-10 10:56:03,50.1,128.05,80.6,61,29,6.71,scattered clouds,0.0,0.0
408,Nizhniy Kuranakh,RU,2020-07-10 10:56:03,58.84,125.49,73.72,67,18,3.06,few clouds,0.0,0.0
409,Isangel,VU,2020-07-10 10:49:49,-19.55,169.27,70.74,81,29,18.52,scattered clouds,0.0,0.0
410,Hauterive,FR,2020-07-10 10:56:03,46.09,3.45,80.6,42,75,3.36,broken clouds,0.0,0.0
411,Touho,NC,2020-07-10 10:56:03,-20.78,165.23,68.5,74,2,22.15,clear sky,0.0,0.0
412,Shostka,UA,2020-07-10 10:56:04,51.86,33.47,71.1,59,32,7.81,scattered clouds,0.0,0.0
413,Grants,US,2020-07-10 10:56:04,35.15,-107.85,68.0,28,1,6.93,clear sky,0.0,0.0
414,Tabou,CI,2020-07-10 10:49:18,4.42,-7.35,78.24,78,100,10.11,overcast clouds,0.0,0.0
415,Westport,US,2020-07-10 10:56:04,41.14,-73.36,73.99,94,90,8.05,overcast clouds,0.0,0.0
416,Changping,CN,2020-07-10 10:56:04,40.22,116.22,82.0,73,13,6.71,few clouds,0.0,0.0
417,Batagay-Alyta,RU,2020-07-10 10:49:32,67.8,130.41,69.31,41,71,5.39,broken clouds,0.0,0.0
418,Sesheke,ZM,2020-07-10 10:56:05,-17.48,24.3,80.6,36,0,6.93,clear sky,0.0,0.0
419,Angoche,MZ,2020-07-10 10:56:05,-16.23,39.91,79.9,60,1,7.54,clear sky,0.0,0.0
420,Ankang,CN,2020-07-10 10:56:05,32.68,109.02,75.78,86,100,3.15,moderate rain,0.0,0.0
421,Talikota,IN,2020-07-10 10:56:05,16.48,76.32,84.92,61,100,15.84,overcast clouds,0.0,0.0
422,Meulaboh,ID,2020-07-10 10:56:05,4.14,96.13,82.08,78,100,3.13,light rain,0.0,0.0
423,Murray Bridge,AU,2020-07-10 10:56:05,-35.12,139.27,51.01,91,99,1.01,overcast clouds,0.0,0.0
424,Narathiwat,TH,2020-07-10 10:56:06,6.33,101.75,86.0,70,20,3.36,few clouds,0.0,0.0
425,Kruisfontein,ZA,2020-07-10 10:49:29,-34.0,24.73,65.62,42,48,5.7,scattered clouds,0.0,0.0
426,Buraydah,SA,2020-07-10 10:56:06,26.33,43.98,107.6,15,0,4.7,clear sky,0.0,0.0
427,Guerrero Negro,MX,2020-07-10 10:56:06,27.98,-114.06,66.04,76,2,3.89,clear sky,0.0,0.0
428,Tautira,PF,2020-07-10 10:49:34,-17.73,-149.15,75.2,69,75,4.7,broken clouds,0.0,0.0
429,Ayios Nikolaos,GR,2020-07-10 10:56:06,38.42,23.65,84.0,34,20,11.41,few clouds,0.0,0.0
430,Sao Joao Da Barra,BR,2020-07-10 10:44:33,-21.64,-41.05,69.8,83,75,16.11,broken clouds,0.0,0.0
431,San Rafael,AR,2020-07-10 10:56:07,-34.62,-68.33,44.22,56,62,3.24,broken clouds,0.0,0.0
432,Omboue,GA,2020-07-10 10:56:07,-1.57,9.26,77.49,69,97,7.31,overcast clouds,0.0,0.0
433,Daru,PG,2020-07-10 10:56:07,-9.08,143.21,78.13,89,100,19.26,light rain,0.0,0.0
434,La Palma,US,2020-07-10 10:51:15,33.85,-118.05,66.2,82,90,3.36,overcast clouds,0.0,0.0
435,Muros,ES,2020-07-10 10:56:08,42.78,-9.06,72.0,61,7,11.01,clear sky,0.0,0.0
436,Porto Novo,BJ,2020-07-10 10:56:08,6.5,2.6,80.6,83,20,13.87,few clouds,0.0,0.0
437,Quelimane,MZ,2020-07-10 10:56:08,-17.88,36.89,80.6,65,40,3.36,scattered clouds,0.0,0.0
438,Belmonte,BR,2020-07-10 10:50:05,-15.86,-38.88,66.2,93,20,6.93,fog,0.0,0.0
439,Sirtich,RU,2020-07-10 10:56:08,41.83,48.23,83.98,47,98,11.7,light rain,0.0,0.0
440,La Rioja,ES,2020-07-10 10:56:08,42.25,-2.5,77.0,50,40,9.17,scattered clouds,0.0,0.0
441,Poopo,BO,2020-07-10 10:56:08,-18.37,-66.97,25.59,75,49,1.57,scattered clouds,0.0,0.0
442,Verkhnyaya Inta,RU,2020-07-10 10:56:08,65.98,60.31,91.76,39,12,13.65,few clouds,0.0,0.0
443,Avera,US,2020-07-10 10:56:09,33.19,-82.53,73.4,85,1,4.7,clear sky,0.0,0.0
444,Smithers,CA,2020-07-10 10:56:09,54.78,-127.17,51.8,81,20,3.36,few clouds,0.0,0.0
445,Mranggen,ID,2020-07-10 10:56:09,-7.03,110.52,86.0,70,20,6.93,few clouds,0.0,0.0
446,Emmett,US,2020-07-10 10:49:19,43.87,-116.5,66.0,59,27,6.2,scattered clouds,0.0,0.0
447,Tirukkoyilur,IN,2020-07-10 10:56:09,11.95,79.2,89.58,51,100,6.22,overcast clouds,0.0,0.0
448,Barra Patuca,HN,2020-07-10 10:48:48,15.8,-84.28,76.62,89,74,2.35,broken clouds,0.0,0.0
449,Baishishan,CN,2020-07-10 10:56:09,43.58,127.57,71.67,64,100,7.2,overcast clouds,0.0,0.0
450,Sioux Lookout,CA,2020-07-10 10:49:41,50.1,-91.92,62.6,88,40,5.82,scattered clouds,0.0,0.0
451,Minden,DE,2020-07-10 10:56:10,52.28,8.92,64.4,88,75,12.75,shower rain,0.0,0.0
452,Meadow Lake,US,2020-07-10 10:45:19,34.8,-106.54,78.8,16,1,4.7,clear sky,0.0,0.0
453,Ghanzi,BW,2020-07-10 10:55:04,-21.57,21.78,79.3,17,0,17.18,clear sky,0.0,0.0
454,Teya,RU,2020-07-10 10:56:10,60.38,92.63,56.86,88,99,0.67,light rain,0.0,0.0
455,Tekkali,IN,2020-07-10 10:56:10,18.62,84.23,89.76,64,82,14.47,broken clouds,0.0,0.0
456,Samana,DO,2020-07-10 10:56:10,19.21,-69.34,78.8,86,31,8.34,scattered clouds,0.0,0.0
457,Ust-Karsk,RU,2020-07-10 10:56:11,52.7,118.81,85.3,36,16,3.8,few clouds,0.0,0.0
458,Kamenka,RU,2020-07-10 10:56:11,51.32,42.77,79.0,39,0,11.01,clear sky,0.0,0.0
459,Urgut,UZ,2020-07-10 10:56:11,39.4,67.24,95.0,17,20,13.87,few clouds,0.0,0.0
460,Mahebourg,MU,2020-07-10 10:56:11,-20.41,57.7,73.4,69,40,18.34,scattered clouds,0.0,0.0
461,Kitimat,CA,2020-07-10 10:56:11,54.05,-128.65,54.43,80,100,2.66,overcast clouds,0.0,0.0
462,Petropavlovsk-Kamchatskiy,RU,2020-07-10 10:56:11,53.05,158.65,53.6,100,75,6.71,broken clouds,0.0,0.0
463,Adrar,MR,2020-07-10 10:50:11,20.5,-10.07,99.81,8,22,3.06,few clouds,0.0,0.0
464,Nanortalik,GL,2020-07-10 10:56:12,60.14,-45.24,44.96,94,100,8.03,overcast clouds,0.0,0.0
465,Acari,PE,2020-07-10 10:56:12,-15.43,-74.62,56.88,68,48,2.84,scattered clouds,0.0,0.0
466,Sur,OM,2020-07-10 10:49:16,22.57,59.53,95.38,44,67,6.76,broken clouds,0.0,0.0
467,Hualmay,PE,2020-07-10 10:49:12,-11.1,-77.61,59.63,84,96,7.9,overcast clouds,0.0,0.0
468,Iqaluit,CA,2020-07-10 10:56:12,63.75,-68.51,42.8,87,40,2.24,scattered clouds,0.0,0.0
469,Maldonado,UY,2020-07-10 10:49:50,-34.67,-54.92,51.01,87,52,5.82,broken clouds,0.0,0.0
470,Lerwick,GB,2020-07-10 10:53:32,60.15,-1.15,55.4,76,40,10.29,scattered clouds,0.0,0.0
471,Oussouye,SN,2020-07-10 10:56:13,12.48,-16.55,86.0,79,40,4.7,scattered clouds,0.0,0.0
472,Neryungri,RU,2020-07-10 10:56:13,56.67,124.65,72.75,77,61,4.61,light rain,0.0,0.0
473,Atlantis,ZA,2020-07-10 10:56:13,-33.57,18.48,55.0,98,99,18.16,moderate rain,0.1,0.0
474,Tezu,IN,2020-07-10 10:56:13,27.92,96.17,74.46,87,100,5.03,heavy intensity rain,0.3,0.0
475,Noumea,NC,2020-07-10 10:49:28,-22.28,166.46,68.0,52,38,4.7,scattered clouds,0.0,0.0
476,Narsaq,GL,2020-07-10 10:56:13,60.92,-46.05,46.4,93,90,4.7,light intensity drizzle rain,0.0,0.0
477,Hobyo,SO,2020-07-10 10:49:34,5.35,48.53,83.23,65,93,29.95,overcast clouds,0.0,0.0
478,Vila Velha,BR,2020-07-10 10:49:40,-20.33,-40.29,75.0,83,40,12.75,scattered clouds,0.0,0.0
479,Sa Kaeo,TH,2020-07-10 10:56:14,13.81,102.07,86.38,77,100,5.82,light rain,0.0,0.0
480,Mattru,SL,2020-07-10 10:56:14,7.62,-11.83,74.68,95,100,4.18,moderate rain,0.0,0.0
481,Fairbanks,US,2020-07-10 10:51:27,64.84,-147.72,55.4,93,90,3.36,light rain,0.0,0.0
482,Bokoro,TD,2020-07-10 10:49:37,12.38,17.06,86.72,52,94,12.75,overcast clouds,0.0,0.0
483,Lagoa Formosa,BR,2020-07-10 10:53:06,-18.78,-46.41,55.0,100,3,3.27,clear sky,0.0,0.0
484,Naples,IT,2020-07-10 10:56:14,40.83,14.25,87.01,48,0,8.05,clear sky,0.0,0.0
485,Kunming,CN,2020-07-10 10:52:54,25.04,102.72,72.0,83,90,20.13,overcast clouds,0.0,0.0
486,Wagar,SD,2020-07-10 10:56:15,16.15,36.2,98.53,28,0,8.63,clear sky,0.0,0.0
487,Ghatampur,IN,2020-07-10 10:56:15,26.17,80.17,98.4,46,98,16.91,overcast clouds,0.0,0.0
488,Krasnoselkup,RU,2020-07-10 10:49:05,65.7,82.47,74.8,42,43,14.81,scattered clouds,0.0,0.0
489,Marfino,RU,2020-07-10 10:56:15,55.7,37.38,71.01,45,0,8.95,clear sky,0.0,0.0
490,Pundaguitan,PH,2020-07-10 10:56:15,6.37,126.17,83.44,75,100,11.59,moderate rain,0.0,0.0
491,Bayshore Gardens,US,2020-07-10 10:56:15,27.43,-82.59,84.2,74,20,13.87,few clouds,0.0,0.0
492,The Valley,AI,2020-07-10 10:56:14,18.22,-63.06,82.4,74,40,11.41,scattered clouds,0.0,0.0
493,Altus,US,2020-07-10 10:55:10,34.64,-99.33,78.8,74,1,11.41,clear sky,0.0,0.0
494,Serpa,PT,2020-07-10 10:56:16,37.95,-7.6,80.6,47,0,4.7,clear sky,0.0,0.0
495,Vanavara,RU,2020-07-10 10:56:16,60.34,102.28,70.97,41,59,5.99,broken clouds,0.0,0.0
496,Roma,US,2020-07-10 10:56:16,43.21,-75.46,73.0,83,1,4.7,clear sky,0.0,0.0
497,Mchinji,MW,2020-07-10 10:56:16,-13.8,32.88,79.7,40,13,6.6,few clouds,0.0,0.0
498,Praya,CV,2020-07-10 10:48:49,14.92,-23.51,80.6,69,20,2.24,few clouds,0.0,0.0
499,Halifax,CA,2020-07-10 10:52:58,44.65,-63.57,73.99,100,20,1.7,few clouds,0.0,0.0
500,Lahij,YE,2020-07-10 10:49:26,13.17,44.58,104.04,22,40,3.58,scattered clouds,0.0,0.0
501,Sorong,ID,2020-07-10 10:56:17,-0.88,131.25,80.44,77,69,3.69,light rain,0.0,0.0
502,Copiapo,CL,2020-07-10 10:56:17,-27.37,-70.33,53.6,81,0,14.99,clear sky,0.0,0.0
503,Luganville,VU,2020-07-10 10:56:17,-15.53,167.17,77.36,83,83,16.04,light rain,0.0,0.0
504,Ilhabela,BR,2020-07-10 10:47:48,-23.78,-45.36,64.6,71,75,2.48,broken clouds,0.0,0.0
505,Kraskino,RU,2020-07-10 10:56:17,42.71,130.78,65.75,93,100,1.5,overcast clouds,0.0,0.0
506,Sao Miguel Do Araguaia,BR,2020-07-10 10:56:17,-13.28,-50.16,68.41,49,0,4.56,clear sky,0.0,0.0
507,Camacha,PT,2020-07-10 10:48:54,33.08,-16.33,71.6,78,40,12.75,scattered clouds,0.0,0.0
508,Khash,IR,2020-07-10 10:56:18,28.22,61.22,99.32,8,0,13.29,clear sky,0.0,0.0
509,Vao,NC,2020-07-10 10:49:11,-22.67,167.48,68.38,69,61,22.15,broken clouds,0.0,0.0
510,Matay,EG,2020-07-10 10:56:18,28.42,30.78,98.69,19,4,11.59,clear sky,0.0,0.0
511,Kars,TR,2020-07-10 10:52:31,40.6,43.09,68.0,72,75,11.41,thunderstorm with light rain,0.0,0.0
512,Gotsu,JP,2020-07-10 10:56:18,35.0,132.22,77.0,88,75,12.75,light intensity shower rain,0.0,0.0
513,Villamontes,BO,2020-07-10 10:56:18,-21.25,-63.5,47.97,87,0,6.78,clear sky,0.0,0.0
514,Whitehorse,CA,2020-07-10 10:56:19,60.72,-135.05,48.2,76,40,5.82,scattered clouds,0.0,0.0
515,Lukovetskiy,RU,2020-07-10 10:56:19,64.3,41.92,68.0,52,40,6.71,scattered clouds,0.0,0.0
516,Cumra,TR,2020-07-10 10:56:19,37.57,32.77,83.17,30,0,11.86,clear sky,0.0,0.0
517,Beringovskiy,RU,2020-07-10 10:49:25,63.05,179.32,54.73,71,97,1.7,overcast clouds,0.0,0.0
518,Staraya Toropa,RU,2020-07-10 10:56:19,56.28,31.67,65.59,60,78,10.38,light rain,0.0,0.0
519,Todos Santos,MX,2020-07-10 10:56:19,23.45,-110.22,78.01,81,57,1.48,broken clouds,0.0,0.0
520,Lyngseidet,NO,2020-07-10 10:56:20,69.58,20.22,55.4,58,40,16.11,scattered clouds,0.0,0.0
521,Castelnaudary,FR,2020-07-10 10:56:20,43.32,1.95,79.0,57,81,17.22,broken clouds,0.0,0.0
522,Sarh,TD,2020-07-10 10:56:20,9.14,18.39,80.6,69,40,8.05,scattered clouds,0.0,0.0
523,Forlev,DK,2020-07-10 10:56:20,55.38,11.28,57.99,93,93,1.12,light rain,0.0,0.0
524,Cap Malheureux,MU,2020-07-10 10:56:20,-19.98,57.61,75.99,58,24,14.0,few clouds,0.0,0.0
525,Sape,BR,2020-07-10 10:56:20,-7.1,-35.23,75.2,94,20,4.7,few clouds,0.0,0.0
526,Aubenas,FR,2020-07-10 10:56:21,44.62,4.39,91.0,39,0,3.0,light rain,0.0,0.0
527,Balabac,PH,2020-07-10 10:49:56,7.99,117.06,82.87,77,93,6.76,overcast clouds,0.0,0.0
528,Yulara,AU,2020-07-10 10:49:06,-25.24,130.99,62.6,27,90,8.05,overcast clouds,0.0,0.0
529,Svetlyy,RU,2020-07-10 10:56:21,54.67,20.13,64.4,82,75,11.18,broken clouds,0.0,0.0
530,Raigarh,IN,2020-07-10 10:56:21,21.9,83.4,87.8,74,75,5.82,broken clouds,0.0,0.0
531,Genhe,CN,2020-07-10 10:56:21,50.78,121.52,76.62,37,0,2.55,clear sky,0.0,0.0
532,Saint George,US,2020-07-10 10:47:36,37.1,-113.58,77.0,10,1,3.36,clear sky,0.0,0.0
533,Kuusamo,FI,2020-07-10 10:56:22,65.97,29.18,55.4,66,23,11.41,light rain,0.0,0.0
534,Polovinnoye,RU,2020-07-10 10:56:22,54.79,65.99,87.49,53,0,10.56,clear sky,0.0,0.0
535,Magadi,IN,2020-07-10 10:56:22,12.97,77.23,82.4,65,75,6.93,broken clouds,0.0,0.0
536,Aroeiras,BR,2020-07-10 10:56:22,-7.55,-35.71,73.96,83,11,7.2,few clouds,0.0,0.0
537,Liverpool,GB,2020-07-10 10:56:22,53.41,-2.98,59.0,71,75,20.8,broken clouds,0.0,0.0
538,Huilong,CN,2020-07-10 10:56:23,31.81,121.66,87.01,98,58,1.99,broken clouds,0.0,0.0
539,Guhagar,IN,2020-07-10 10:56:23,17.48,73.19,82.98,76,100,7.72,light rain,0.0,0.0
540,Tumaco,CO,2020-07-10 10:56:23,1.8,-78.82,75.49,90,100,11.03,light rain,0.0,0.0
541,Bonavista,CA,2020-07-10 10:56:23,48.65,-53.11,52.0,81,100,1.01,overcast clouds,0.0,0.0
542,Saint Stephen,GB,2020-07-10 10:50:11,50.33,-4.9,59.0,76,40,16.11,scattered clouds,0.0,0.0
543,Komsomolskiy,UZ,2020-07-10 10:56:23,40.43,71.72,91.4,21,52,16.11,broken clouds,0.0,0.0
544,Dandeli,IN,2020-07-10 10:56:24,15.27,74.62,80.6,74,75,8.05,broken clouds,0.0,0.0
545,Pacific Grove,US,2020-07-10 10:56:24,36.62,-121.92,55.99,82,1,3.36,clear sky,0.0,0.0
546,Farafangana,MG,2020-07-10 10:56:24,-22.82,47.83,69.44,82,26,8.14,light rain,0.0,0.0
547,Mildura,AU,2020-07-10 10:56:24,-34.2,142.15,48.2,66,0,3.13,clear sky,0.0,0.0
548,Turtas,RU,2020-07-10 10:56:24,58.94,69.13,78.12,35,0,8.77,clear sky,0.0,0.0
549,Mehamn,NO,2020-07-10 10:56:24,71.04,27.85,46.4,87,75,14.99,light intensity shower rain,0.0,0.0
550,Tanout,NE,2020-07-10 10:56:25,14.97,8.89,100.17,23,100,14.45,overcast clouds,0.0,0.0
551,Rudbar,AF,2020-07-10 10:56:25,30.15,62.6,108.86,7,0,21.59,clear sky,0.0,0.0
552,Aswan,EG,2020-07-10 10:54:05,24.09,32.91,105.06,14,0,11.32,clear sky,0.0,0.0
553,Belvedere Marittimo,IT,2020-07-10 10:56:25,39.62,15.86,91.0,18,2,3.0,clear sky,0.0,0.0
554,Suleja,NG,2020-07-10 10:56:25,9.18,7.18,74.3,89,100,6.62,overcast clouds,0.0,0.0
555,Norrtalje,SE,2020-07-10 10:56:26,59.76,18.7,66.99,61,42,4.0,light rain,0.0,0.0
556,Russell,US,2020-07-10 10:49:40,32.35,-85.2,75.2,94,75,4.05,light rain,0.0,0.0
557,Bulgan,MN,2020-07-10 10:49:02,48.81,103.53,63.84,70,100,2.64,light rain,0.0,0.0
558,Herat,AF,2020-07-10 10:56:26,34.5,62.0,100.4,12,0,17.22,clear sky,0.0,0.0
559,Mago,RU,2020-07-10 10:56:26,53.25,140.18,56.7,84,71,4.29,broken clouds,0.0,0.0
560,Caraballeda,VE,2020-07-10 10:56:27,10.61,-66.85,70.0,79,14,6.69,few clouds,0.0,0.0
561,El Ocotito,MX,2020-07-10 10:56:27,17.25,-99.57,68.92,82,65,4.99,broken clouds,0.0,0.0
562,Arlit,NE,2020-07-10 10:55:04,18.74,7.39,103.3,17,2,5.06,clear sky,0.0,0.0
563,Kibakwe,TZ,2020-07-10 10:56:28,-6.72,36.37,68.54,75,96,3.29,light rain,0.0,0.0
564,Lesnoye,RU,2020-07-10 10:56:28,58.28,35.52,66.72,56,13,9.57,light rain,0.0,0.0
565,Aberdeen,GB,2020-07-10 10:54:07,57.14,-2.1,60.01,54,40,10.29,scattered clouds,0.0,0.0
566,Svetlogorsk,BY,2020-07-10 10:56:28,52.63,29.73,72.99,61,36,14.54,scattered clouds,0.0,0.0
567,Neiafu,TO,2020-07-10 10:56:28,-18.65,-173.98,76.98,73,29,23.15,scattered clouds,0.0,0.0
568,Saint-Georges,GD,2020-07-10 10:56:28,12.06,-61.75,78.8,94,40,9.17,scattered clouds,0.0,0.0
569,Nogliki,RU,2020-07-10 10:56:28,51.83,143.17,50.13,94,93,5.7,overcast clouds,0.0,0.0
570,Mitu,CO,2020-07-10 10:56:29,1.2,-70.17,70.27,98,100,0.81,light rain,0.0,0.0
